blokc_size,gpu_time_gap,cpu_time_gap 
16,0.000864,0.000765 
32,0.000628,0.000638 
64,0.000400,0.000376 
128,0.000371,0.000375 
256,0.000675,0.000629 
512,0.000394,0.000354 
1024,0.000715,0.000595 
2048,0.000221,0.000354 
4096,0.000216,0.000340 
8192,0.000497,0.000581 
